,Freqs,TcSet,TcReal,x1,y1,dx1,dy1,numMeas,xSensitivity,ySensitivity,xFracErr,yFracErr
0,3347620.0000000843,0.00999999999999982,0.010164495915951451,-3.421970040374319e-08,7.36974430846036e-08,4.52466208491596e-06,4.48244840343803e-06,1606,4.561724712040975e-07,4.519165247848927e-07,-132.22389534482951,60.8223055756798
1,3347620.0000000843,0.029999999999999902,0.028461077141994206,2.1061725206488418e-07,-5.10081380919278e-08,2.6943319081214348e-06,2.8642069024679284e-06,613,4.545448698870338e-07,4.832034798264917e-07,12.792550855669699,-56.15195946391931
2,3347620.0000000843,0.05000000000000036,0.04743530952329192,3.4512418365824596e-08,5.144562025036374e-08,2.1103665647721425e-06,2.169675580285492e-06,383,4.5963042299349526e-07,4.725477181889259e-07,61.148034959552454,42.17415534552043
3,3347620.0000000843,0.0700000000000002,0.07115309999965518,-8.28376858935036e-08,-6.632880137976936e-08,1.8557525099450765e-06,1.7641122452593505e-06,277,4.950134162720228e-07,4.7056879865892513e-07,-22.402273674458243,-26.5964740589661
4,3347620.0000000843,0.08999999999999989,0.07115309999965509,-5.3094544505104605e-09,-1.405903599599379e-07,1.7056009451276233e-06,1.9481934823903116e-06,217,4.549611794244068e-07,5.196716189840738e-07,-321.2384551041103,-13.85723376016294
5,3347620.0000000843,0.10999999999999971,0.1422717370513284,1.1454585280090612e-07,-6.694891839915737e-08,1.1904528542012704e-06,1.3546171467744937e-06,179,4.490260298659641e-07,5.109470377242444e-07,10.392806243892693,-20.233592702694704
6,3347620.0000000843,0.13000000000000012,0.14227173705132853,3.430108410263757e-08,-2.849895881799849e-07,1.348787232286955e-06,1.191209804951927e-06,152,5.087480565990711e-07,4.493115435586502e-07,39.322000093380154,-4.179836226857592
7,3347620.0000000843,0.1499999999999999,0.1499967483198126,-6.70049526506073e-09,1.3477090439850135e-07,1.2104316812632097e-06,1.089236927768677e-06,132,4.6879309302543635e-07,4.218550755985753e-07,-180.6480914291399,8.08213710986115
8,3347620.0000000843,0.1700000000000003,0.16998760222041157,-6.588463478822462e-08,-1.0643656013678353e-07,1.2222641864902244e-06,1.1318897038436488e-06,117,5.039340578452374e-07,4.666730628253877e-07,-18.551581721883906,-10.634407034472337
9,3347620.0000000843,0.19000000000000014,0.18998943481082262,1.8259284412869113e-08,6.837275147738449e-09,9.882491104990758e-07,9.776294490779412e-07,105,4.3075582351154264e-07,4.261269491191696e-07,54.12310187810862,142.98524309078152
10,3347620.0000000843,0.2100000000000005,0.20997394281585702,3.391910581185221e-08,-9.175163792193924e-08,9.347787913818998e-07,9.754566848475969e-07,95,4.2834287969731733e-07,4.4698267575148224e-07,27.55906351326231,-10.63149069532142
11,3347620.0000000843,0.23000000000000032,0.2300267288644772,2.3249848943581406e-08,2.639027573429669e-08,1.0469800936500686e-06,9.607298194985715e-07,87,5.021431888441119e-07,4.6077660703058313e-07,45.03169445060453,36.40469046899768
12,3347620.0000000843,0.24999999999999994,0.24995188069090837,1.5628869398805546e-07,-2.1906500166486495e-08,9.401767152250448e-07,9.656166253370704e-07,80,4.700431147814032e-07,4.827618456276071e-07,6.01564125487477,-44.07900020535057
13,3347620.0000000843,0.2699999999999997,0.2699804690728924,-4.5453086526579556e-08,-2.1003671450993076e-08,7.988134912513927e-07,7.465196130207745e-07,74,4.150606528982907e-07,3.8788893950248713e-07,-17.574460884724985,-35.54233909831408
14,3347620.0000000843,0.2899999999999995,0.2899939667518698,-1.0775836045762623e-08,-5.2707222655327145e-08,8.934910336074235e-07,7.254118447075194e-07,69,4.811546418455014e-07,3.906421700971293e-07,-82.9161681574369,-13.763044382954252
15,3347620.0000000843,0.3099999999999999,0.3100467598175495,-1.271592788850092e-07,1.710945166988528e-07,7.736447451814931e-07,8.100080022069169e-07,64,4.307796494927253e-07,4.510273810431427e-07,-6.084060494563705,4.734272131190679
16,3347620.0000000843,0.3299999999999997,0.3300611208379781,4.98296063143187e-08,-1.260624815498745e-07,7.247333110510989e-07,7.271404686652824e-07,61,4.1636614393822086e-07,4.1774907876181205e-07,14.544231123954203,-5.768095786513623
17,3347620.0000000843,0.3500000000000001,0.3500828629514529,5.386532825017667e-08,1.1463567639983774e-07,7.248819416393456e-07,7.943289918787979e-07,57,4.288967019170688e-07,4.69986994135149e-07,13.457301109772187,6.929160422173094
18,3347620.0000000843,0.3699999999999999,0.370087613487462,4.182880528753212e-08,1.6917931104221988e-07,6.966506481464919e-07,6.483666915739037e-07,54,4.238062142326916e-07,3.944327529466823e-07,16.65480625988957,3.832423052084065
19,3347620.0000000843,0.3900000000000003,0.389891647462909,-9.982782226498109e-08,1.1298685130475403e-07,8.328308990773635e-07,6.76205074194562e-07,51,5.200304754600678e-07,4.22231267633651e-07,-8.342673216557934,5.984812094379604
20,3347620.0000000843,0.4100000000000001,0.4099071960417326,-1.6460981314759607e-07,8.838372651991934e-08,6.475811828281424e-07,7.889336515014057e-07,49,4.146073453618323e-07,5.051068431097714e-07,-3.93403753060271,8.926232040279508
21,3347620.0000000843,0.42999999999999977,0.4298584444584343,-5.6183608062530576e-08,6.784820017907843e-08,8.143115638828762e-07,6.951032073831951e-07,47,5.338919019535133e-07,4.5573462284416087e-07,-14.49375702209394,10.24497636707445
22,3347620.0000000843,0.4499999999999996,0.45010661563149523,2.1707397321445591e-07,-1.6699662505244297e-07,7.459669536757627e-07,6.260473735288808e-07,45,5.00469121162866e-07,4.2001509221346025e-07,3.4364642735810276,-3.748862429598678
23,3347620.0000000843,0.4699999999999999,0.47007103400916467,7.594312802481042e-08,7.831457604164541e-08,5.914958590429296e-07,6.420375522534323e-07,43,4.0553977311128783e-07,4.4019203057664386e-07,7.788668631738338,8.198187166486292
24,3347620.0000000843,0.4899999999999997,0.48982192919562817,-4.338144211750158e-08,1.8525629849521217e-07,6.382057625049662e-07,6.220264459611044e-07,41,4.4666285079607546e-07,4.3533938730516536e-07,-14.711492549656201,3.3576534294038067
25,3347620.0000000843,0.5100000000000002,0.5099633495187619,9.609989529661176e-08,-2.8257462677052928e-08,6.144362025431225e-07,5.734124167687846e-07,40,4.3877944943204395e-07,4.0948365914302884e-07,6.393723954086202,-20.29242410481661
26,3347620.0000000843,0.53,0.5298982910648887,1.3654089564756052e-07,-2.670972523631957e-08,7.373835219726932e-07,5.576185991462293e-07,38,5.367717954028298e-07,4.0591351405980635e-07,5.400459096709225,-20.876987472262954
27,3347620.0000000843,0.5500000000000004,0.5498944632344567,-2.1428710620993617e-07,6.868381859298299e-08,5.739022366679025e-07,6.438848001167149e-07,37,4.255764531797939e-07,4.774719315976796e-07,-2.678193041188642,9.374621465535359
28,3347620.0000000843,0.5700000000000002,0.5697831291020374,-4.306935220697333e-08,2.701179886347147e-08,6.800134296521999e-07,6.413982174466283e-07,35,5.133012036854482e-07,4.841529044881417e-07,-15.78880096418305,23.745113040731336
29,3347620.0000000843,0.59,0.5899677637362223,7.881290646468962e-08,-1.263441721423528e-09,5.969532447227067e-07,5.190662731227329e-07,34,4.5851596108765835e-07,3.9869147741983266e-07,7.57430821295949,-410.83515315443094
30,3347620.0000000843,0.6099999999999995,0.6097156477584774,-7.900794391274629e-08,-3.2537820076173096e-08,5.841187241489736e-07,6.4159313459012e-07,33,4.5610496347519185e-07,5.009834492885169e-07,-7.39316447462618,-19.71838104360126
31,3347620.0000000843,0.6299999999999993,0.6301493704555591,1.1420872359691235e-07,-3.1325486749381137e-07,6.588768778863543e-07,4.998965324668822e-07,32,5.230293020934414e-07,3.9682760659903217e-07,5.769059115061917,-1.5958140937004215
32,3347620.0000000843,0.6499999999999998,0.6498195933906293,-9.240432778938386e-08,4.9213258995575264e-08,6.595761870832443e-07,5.18786138136513e-07,31,5.316935217234641e-07,4.182007085897195e-07,-7.137936099558116,10.54159282934619
33,3347620.0000000843,0.6700000000000003,0.6699864167815724,4.319437423434752e-08,-1.753677902366694e-07,4.987688738346888e-07,6.736733928076937e-07,30,4.0825577995503983e-07,5.514198476363199e-07,11.54707951384269,-3.841488747155512
34,3347620.0000000843,0.69,0.6898085081487388,3.5341089591657335e-08,1.48582735118685e-08,5.677591286055852e-07,4.804204869535718e-07,29,4.7155070556526275e-07,3.990118488228483e-07,16.065128018565993,32.33353367535072
35,3347620.0000000843,0.7099999999999997,0.7099734420218905,-9.146372262120682e-08,-1.3815916102379084e-07,4.643119163771768e-07,5.965290017481535e-07,29,3.9122885760552255e-07,5.02634870333396e-07,-5.076459858299287,-4.317694153089363
36,3347620.0000000843,0.7300000000000002,0.7304363435373811,-1.1983737076874287e-07,8.169254801464113e-08,4.369174820421767e-07,4.6763427713766394e-07,28,3.734140108322629e-07,3.9966629445091527e-07,-3.64592012691368,5.724319885993193
37,3347620.0000000843,0.7499999999999999,0.7501778736715978,1.337265629092694e-07,-1.0954911242928397e-07,4.4621486363870893e-07,3.2242472454018487e-07,27,3.864792289600209e-07,2.792611118369923e-07,3.33677060062821,-2.943197962907423
38,3347620.0000000843,0.7699999999999997,0.7699976397244442,-1.4943003890894223e-07,-8.257376209182957e-09,5.299785430833446e-07,5.268215888458536e-07,26,4.650535713994803e-07,4.622833595445844e-07,-3.5466667007046437,-63.80011949316053
39,3347620.0000000843,0.7899999999999996,0.7898214341850254,-8.203099972207706e-08,2.886588664926238e-08,5.830492150450536e-07,5.589390459938866e-07,26,5.181669065623587e-07,4.967397415965791e-07,-7.107669259431653,19.363307726706164
40,3347620.0000000843,0.8099999999999998,0.809566976825366,9.67502634421905e-08,-1.6905695332358198e-07,6.200096872847211e-07,5.089356790086525e-07,25,5.578595438592423e-07,4.579196608827843e-07,6.408351411416929,-3.010439198170859
41,3347620.0000000843,0.8299999999999996,0.8303251113959821,9.766119335405932e-08,-1.7993693333738283e-07,6.017891065911932e-07,6.573570583944558e-07,25,5.483633339746094e-07,5.989980612889363e-07,6.162008530957395,-3.6532636530039517
42,3347620.0000000843,0.8500000000000001,0.849691301082853,-1.1205267939371887e-08,-1.333121296238815e-08,5.189546126378681e-07,5.755154969044765e-07,24,4.783656233208997e-07,5.305027119966254e-07,-46.31344966008535,-43.170527582763846
43,3347620.0000000843,0.8699999999999999,0.8699824431129778,-2.8237526759886785e-08,-4.9188772114625605e-08,3.8257735892157113e-07,3.6609593506280135e-07,23,3.568408037420412e-07,3.414681100908669e-07,-13.54854347460227,-7.442672775195129
44,3347620.0000000843,0.8900000000000002,0.8899057113849231,1.4851139553300738e-08,-3.0844933493463035e-07,4.2384944037749543e-07,4.884731242695975e-07,23,3.998375808030772e-07,4.6080021273904903e-07,28.539859776840682,-1.583641360008507
45,3347620.0000000843,0.91,0.9093420355025362,-1.637777200338182e-07,2.6775072169864587e-07,4.402555480370216e-07,5.731150612424593e-07,22,4.198251688038552e-07,5.465192395710917e-07,-2.6881284459578136,2.140479986782265
46,3347620.0000000843,0.9299999999999998,0.9296463294372033,-9.732163122836184e-08,-1.4539563560464816e-07,4.7497088948996935e-07,4.886060775292623e-07,22,4.5795823446272193e-07,4.711050330965226e-07,-4.880424665051766,-3.360527814313857
47,3347620.0000000843,0.9499999999999996,0.9493294007910398,6.27753048747473e-08,2.7232060044315164e-08,4.114891190735185e-07,3.8017552262746143e-07,21,4.0092840045616874e-07,3.704184560768021e-07,6.554952140727057,13.960586235811604
48,3347620.0000000843,0.9699999999999999,0.9698639860470392,2.546743605380895e-08,1.588961947579211e-08,5.008261257770258e-07,4.207700691600626e-07,21,4.932219460519782e-07,4.1438140238703893e-07,19.66535322671877,26.48081471057927
49,3347620.0000000843,0.9899999999999998,0.9896235294930624,1.2164169624365166e-07,4.743910709698496e-08,5.249524909685341e-07,4.862922172553257e-07,21,5.222218117735417e-07,4.837626396969911e-07,4.3155637185216476,10.250872055014554
50,3347620.0000000843,1.0099999999999993,1.0102049603614511,-2.6393256186962134e-08,2.1573313134092507e-08,4.489185009513666e-07,4.4602778358687216e-07,20,4.512032844697806e-07,4.4829785471678623e-07,-17.008833535785005,20.674978424246312
51,3347620.0000000843,1.0299999999999998,1.0298379242301627,1.7651212979611925e-09,6.829426125196996e-08,4.606709476891524e-07,4.767588307979403e-07,20,4.6749316396658995e-07,4.838192974329591e-07,260.98543381763704,6.980950112908471
52,3347620.0000000843,1.0500000000000003,1.050249131711688,-6.211804428849503e-08,5.9020411916220184e-08,3.5834444306217734e-07,4.156442746359982e-07,20,3.672373456698583e-07,4.259591661470597e-07,-5.768765697096275,7.0423817987920465
53,3347620.0000000843,1.07,1.0695197629619693,-6.608816081583851e-08,6.88303458919455e-08,3.5058771755807565e-07,4.069380225052073e-07,19,3.6256936338872567e-07,4.208454899277498e-07,-5.304849056626414,5.912189125767956
54,3347620.0000000843,1.0899999999999999,1.0895107916421671,-2.4133086173901915e-07,-5.000789208224154e-08,5.506625470325595e-07,5.119497786273892e-07,19,5.747795491219991e-07,5.343713032932295e-07,-2.281774254086321,-10.237379687699121
55,3347620.0000000843,1.1099999999999997,1.1102633833197058,-1.9766915276017723e-08,-2.1648824352639424e-08,6.564808213990824e-07,5.944590897030519e-07,18,6.917275157005286e-07,6.263758146499061e-07,-33.21109096853164,-27.45918577470353
56,3347620.0000000843,1.1299999999999994,1.1296284470653162,1.2437183932940934e-08,-8.171874938172602e-08,5.757280480831784e-07,3.872404285690069e-07,18,6.119066852670332e-07,4.1157454085476877e-07,46.29086867150963,-4.738697440903345
57,3347620.0000000843,1.1499999999999997,1.1496810278669831,-2.5439772163677336e-08,-1.807337337891991e-07,4.617293965885463e-07,4.575234150904532e-07,18,4.950809409266541e-07,4.905711538241196e-07,-18.14990297939064,-2.5314776909555303
58,3347620.0000000843,1.1700000000000002,1.1704584007458192,-5.16952054631498e-08,-1.013581150332873e-07,5.562397862269621e-07,4.394336675270421e-07,18,6.017831745513195e-07,4.7541329116873285e-07,-10.759987918482496,-4.33545619295235
59,3347620.0000000843,1.19,1.1895679300874424,3.996318372185061e-08,-5.346160683909593e-08,4.4283609336419047e-07,3.3838136598710294e-07,17,4.829894389044933e-07,3.690634718869617e-07,11.08110145694077,-6.329427527412964
60,3347620.0000000843,1.2099999999999997,1.2093118006520245,7.294695790979522e-08,-4.405048840882216e-08,3.42961237228462e-07,3.9751320470746864e-07,17,3.7715006128318505e-07,4.371401582518411e-07,4.7015152798086675,-9.024036260806978
61,3347620.0000000843,1.23,1.2297221309824995,5.61558019552949e-09,-3.397334122987779e-08,3.427109637926874e-07,4.466672883752005e-07,17,3.800419106438907e-07,4.95322028270223e-07,61.02859399381676,-13.147581962953348
62,3347620.0000000843,1.2499999999999998,1.2508332451869821,-5.7718534373299986e-08,2.143788098799797e-08,4.3526652970555723e-07,4.3923458015730253e-07,16,4.868049444548549e-07,4.91242838131317e-07,-7.54119165414753,20.488712499300124
63,3347620.0000000843,1.2699999999999998,1.269909137597242,-3.574697295732863e-08,8.741465873586348e-08,3.0644244266615796e-07,3.6000471108569314e-07,16,3.4533074021053403e-07,4.056901918574585e-07,-8.572542436864797,4.1183563065034825
64,3347620.0000000843,1.2899999999999996,1.289575876232598,-1.0990571633911457e-07,5.290785275692737e-08,3.639025120488028e-07,4.129836281552792e-07,16,4.1324585269446046e-07,4.689821199777613e-07,-3.3110426297207325,7.805715156361286
65,3347620.0000000843,1.3099999999999998,1.3098613437238984,1.2818499876988365e-07,-1.0362954802005174e-07,4.863118526029246e-07,4.736374216585492e-07,16,5.56579898537191e-07,5.420741170077472e-07,3.793828117718724,-4.570486224323809
66,3347620.0000000843,1.3299999999999996,1.3307952051532759,7.569324637958701e-08,-4.396279385995716e-08,4.549162583694873e-07,3.4523514823406253e-07,16,5.247918383372081e-07,3.982636029535328e-07,6.009997986982486,-7.852893729497813
67,3347620.0000000843,1.3500000000000003,1.3492784756613574,2.0360568803957537e-07,3.210855001879691e-08,3.5945583648002183e-07,3.9414011393149944e-07,15,4.175383164885052e-07,4.578270344504267e-07,1.76545085719881,12.275238642067702
68,3347620.0000000843,1.3699999999999999,1.3715018903193095,-1.1134606541524208e-07,-4.760464932395333e-08,3.4363558195138247e-07,4.008099539182366e-07,15,4.024355444039589e-07,4.69393102692235e-07,-3.086194206053575,-8.419554804210273
69,3347620.0000000843,1.3900000000000003,1.391141539413552,-1.4673769361982763e-08,1.0326811472432232e-08,4.164718952624084e-07,4.265923741108023e-07,15,4.912147042302241e-07,5.031514713464054e-07,-28.382066324513463,41.30920519364616
70,3347620.0000000843,1.41,1.411351832065012,-4.176941855441817e-08,5.049314945984059e-08,4.0095773709920514e-07,4.0082232806917537e-07,15,4.7633911335849685e-07,4.7617824698447014e-07,-9.599313348756054,7.938152647577805
71,3347620.0000000843,1.4299999999999997,1.4286478137254728,-5.5073020905186027e-08,1.3046072882261276e-07,3.614839068564628e-07,5.122065781753659e-07,14,4.320674580643736e-07,6.122203230584137e-07,-6.563720328303676,3.9261361085282016
72,3347620.0000000843,1.4499999999999995,1.4499709194740409,1.1466623536873637e-08,1.1738807635165766e-07,3.9425569575899116e-07,4.103421776488451e-07,14,4.7474196419726307e-07,4.941124592631896e-07,34.38289349006434,3.495603560446713
73,3347620.0000000843,1.4699999999999993,1.468232521374578,-6.772558316848879e-08,2.6832377801385423e-07,3.75452775398205e-07,3.1483856142597774e-07,14,4.549385496828382e-07,3.814919156409311e-07,-5.5437363228626255,1.1733531920146183
74,3347620.0000000843,1.4899999999999998,1.4907629478626065,-2.8625338393005654e-08,1.909971441225943e-07,3.535910865155073e-07,6.269256950712839e-07,14,4.317234148740496e-07,7.654562353810681e-07,-12.35238101506266,3.2823825610129673
75,3347620.0000000843,1.5099999999999996,1.5100733522575707,1.792206182785536e-07,1.5308252175176176e-07,4.3831013937192554e-07,6.41124806573662e-07,14,5.386175984157676e-07,7.87846487184407e-07,2.445645727494825,4.188099328630792
76,3347620.0000000843,1.5299999999999998,1.5298905914135577,-7.176312179283531e-08,2.0714633104748124e-08,3.1982757395759056e-07,2.665515710950772e-07,14,3.955907159405158e-07,3.2969429602262203e-07,-4.456712110168004,12.867791080208868
77,3347620.0000000843,1.5500000000000003,1.5502348848024157,4.251858852792839e-08,3.08292552792602e-08,3.745460353638479e-07,3.6439737379604385e-07,13,4.6634138385114865e-07,4.5370544478649094e-07,8.808995037966202,11.819856512758038
78,3347620.0000000843,1.57,1.571127541894478,-8.745789001109918e-08,6.885493121307427e-08,3.497502376138087e-07,3.151141990057923e-07,13,4.3839312938988987e-07,3.9497871612563463e-07,-3.999070153298031,4.576494282314496
79,3347620.0000000843,1.5899999999999999,1.588251550759035,5.254752099334616e-08,9.655274859688735e-09,3.7739201175471817e-07,2.337450134581009e-07,13,4.7561150021911143e-07,2.945791459724873e-07,7.181918473423428,24.20904809597894
80,3347620.0000000843,1.6099999999999997,1.6101887306235054,4.36249011904337e-09,-6.127300620122237e-08,3.623625448925017e-07,2.702842623080211e-07,13,4.5981347307803157e-07,3.4297238255420086e-07,83.06323567604149,-4.41114740511343
81,3347620.0000000843,1.6299999999999992,1.6281796691939194,-3.660780091889843e-08,8.030175071649791e-08,4.94120103025813e-07,4.161148399856089e-07,13,6.304979618925425e-07,5.30963134099529e-07,-13.497672370992607,5.181890012020853
82,3347620.0000000843,1.6499999999999997,1.6512417080129358,2.7190475037865205e-08,-2.4735517516272486e-07,5.021636180504349e-07,3.365109565524236e-07,13,6.452835138387786e-07,4.32418766880056e-07,18.468365019409422,-1.360436288955939
83,3347620.0000000843,1.6699999999999993,1.6701671175194288,-3.1970670689578154e-08,6.721936412268481e-09,3.713828460257085e-07,3.439608156942508e-07,12,4.799564191865254e-07,4.445175731936234e-07,-11.616360808682453,51.16990024875479
84,3347620.0000000843,1.6900000000000002,1.6895313771014349,-6.131399625554893e-09,-1.1239482915561272e-07,3.2102139988366965e-07,3.465502222602742e-07,12,4.172699550760167e-07,4.5045282254245216e-07,-52.35695265167407,-3.08332887610398
85,3347620.0000000843,1.7099999999999997,1.7093499301633701,4.305332982662683e-08,3.087591388665334e-08,3.0258398281388176e-07,3.300922864117912e-07,12,3.9560468335645567e-07,4.315696198786177e-07,7.0281203343009535,10.690931695935305
86,3347620.0000000843,1.7300000000000002,1.7296389533276664,1.1231092201277638e-07,2.613087508665909e-08,2.935573601464819e-07,4.895418279549884e-07,12,3.8607413078823416e-07,6.438245514195139e-07,2.613791738911084,18.7342301523197
87,3347620.0000000843,1.7499999999999998,1.7504154004718868,-7.42774414235322e-08,8.045865304586664e-08,5.788627566965053e-07,3.2472873443063985e-07,12,7.658543286204926e-07,4.2962671896604555e-07,-7.793251162163926,4.035970304468352
88,3347620.0000000843,1.7699999999999998,1.7716970499782752,3.689292783564988e-08,3.2166988048453794e-08,3.336312805787592e-07,2.2480957006185467e-07,12,4.4408028541090237e-07,2.9923302713998165e-07,9.043231322409957,6.988828724754068
89,3347620.0000000843,1.7899999999999994,1.7880010130587072,-2.6878276463597063e-08,-2.6935551793634183e-08,4.194207162887105e-07,2.5621888545158374e-07,12,5.608332554492115e-07,3.4260604222626517e-07,-15.604449818676368,-9.512293916033206
90,3347620.0000000843,1.8099999999999996,1.8102122091392943,3.403484458174973e-08,-4.504505424697236e-08,2.762417572806849e-07,4.0258114190081526e-07,12,3.7166706054976697e-07,5.416492825558297e-07,8.11643951001945,-8.937299524461649
91,3347620.0000000843,1.8299999999999996,1.827236150962817,3.512164349556671e-09,2.0487987704633028e-08,3.839043823945907e-07,4.174524805233364e-07,11,5.189438974844239e-07,5.642926395006769e-07,109.30706657934437,20.375474963260363
92,3347620.0000000843,1.85,1.850439153151914,-2.7211860107679007e-10,-5.269555183055665e-08,3.7434375236972137e-07,3.3114126464031113e-07,11,5.092229797367285e-07,4.5045426944212826e-07,-1375.663960083655,-6.284045866055277
93,3347620.0000000843,1.8699999999999997,1.8682318399267266,-9.489267680910586e-09,-1.3820804900672141e-08,3.5654995868234947e-07,4.472240756290438e-07,11,4.87344170118754e-07,6.112805251752584e-07,-37.57402264029452,-32.358757600817746
94,3347620.0000000843,1.8900000000000003,1.8924945946196525,5.453895607013146e-08,6.924352477588814e-08,3.520269707056651e-07,2.702117209947413e-07,11,4.842763520308705e-07,3.7172477511312126e-07,6.454596788632969,3.902339198781428
95,3347620.0000000843,1.91,1.9111092982201279,-4.474064505638083e-08,9.285123551405569e-08,1.6952934665653457e-07,2.4540386529540587e-07,11,2.3436224581531387e-07,3.3925336312958185e-07,-3.789157408054773,2.6429789968519803
96,3347620.0000000843,1.9299999999999997,1.9300938303689568,4.229428684968713e-08,-5.1340481431282945e-08,3.166394654251574e-07,3.90260596076047e-07,11,4.3990029670304394e-07,5.42180526280411e-07,7.486577715578616,-7.601420656687729
97,3347620.0000000843,1.9499999999999995,1.9494593230291317,1.300476453960895e-07,-6.845364053831e-08,4.284060676409003e-07,4.839322774738909e-07,11,5.981535741330154e-07,6.756809561623081e-07,3.2942239464320386,-7.0694892728613725
98,3347620.0000000843,1.969999999999999,1.9692173594594466,2.8018454254655266e-08,-8.530570257463643e-08,3.5122142854740736e-07,2.9641423968079137e-07,11,4.928648346090012e-07,4.1595456125851603e-07,12.535360636072632,-3.4747294815542955
99,3347620.0000000843,1.9899999999999998,1.9893799973183695,-4.479335136924148e-08,-1.4109150301520757e-08,5.024934595752645e-07,3.682403158950979e-07,11,7.087438229613561e-07,5.193859627080335e-07,-11.218036699980317,-26.099397059751148
