,Freqs,TcSet,TcReal,x1,y1,dx1,dy1,xSensitivity,ySensitivity
0,0.5,0.010000000000000005,0.010164495915951288,1.1573161751058296e-06,8.101630593039827e-07,0.0001260344228638186,0.00012549191506539643,1.2706680201873627e-05,1.2651985040465053e-05
1,0.6294627058970836,0.010000000000000005,0.010164495915951288,4.58799764787345e-06,-5.836310716343301e-06,0.00012401835223491188,0.0001238687761099712,1.2503421725627117e-05,1.248834159162666e-05
2,0.7924465962305567,0.010000000000000005,0.010164495915951288,6.093523548358681e-07,-1.193954460486934e-06,0.0001231961457766952,0.00012280976923508149,1.2420527590143487e-05,1.238157344539292e-05
3,0.9976311574844399,0.010000000000000005,0.010164495915951288,6.283811941835431e-07,1.4191702299328805e-07,0.00012351257723010718,0.00012297642279124403,1.2452429932320788e-05,1.2398375311062194e-05
4,1.25594321575479,0.010000000000000005,0.010164495915951288,-9.617178787078841e-08,4.14594485066386e-06,0.00012214711046626043,0.00012102555954269052,1.2314764768310512e-05,1.2201690985830329e-05
5,1.5811388300841898,0.010000000000000005,0.010164495915951288,-1.7956316187030237e-06,1.4601974315582435e-06,0.00012153273037725198,0.00012054137226341505,1.225282350547104e-05,1.2152875648117263e-05
6,1.9905358527674866,0.010000000000000005,0.010164495915951288,9.245540571319745e-07,-1.645944681767955e-06,0.00011699750718783911,0.0001170884353455081,1.1795586272955144e-05,1.180475357022673e-05
7,2.505936168136362,0.010000000000000005,0.010164495915951288,-6.375189923712543e-07,2.198837806421828e-07,0.00011347617509173847,0.00011332883405721816,1.1440568653061799e-05,1.1425713858921267e-05
8,3.1547867224009667,0.010000000000000005,0.010164495915951288,2.433158073868708e-06,-2.1544057015840503e-06,0.00010772619031992691,0.00010731992776896963,1.0860860221024955e-05,1.0819901186217541e-05
9,3.9716411736214075,0.010000000000000005,0.010164495915951288,3.1644158256805535e-07,9.165770119364318e-08,0.00011360345234635711,7.948342105790089e-05,1.145340063447341e-05,8.013448943427917e-06
10,5.0,0.010000000000000005,0.010164495915951288,-1.5574644297769044e-07,-8.357116181489052e-07,8.349727248010035e-05,8.573433455122767e-05,8.41812193070246e-06,8.64366057073154e-06
11,6.294627058970837,0.010000000000000005,0.010164495915951288,2.201468759390023e-07,-2.692871580406868e-06,6.754942709361468e-05,6.734824892264677e-05,6.81027411714157e-06,6.789991510025187e-06
12,7.92446596230557,0.010000000000000005,0.010164495915951288,1.9527408622769374e-05,4.9222081934961295e-05,3.3193798419521116e-05,2.7994719561577193e-05,3.3465697038820385e-06,2.8224031239025554e-06
13,9.976311574844399,0.010000000000000005,0.010164495915951288,-1.2103921586437412e-06,2.3438955706689578e-06,3.1806944171047376e-05,3.136737637581402e-05,3.206748272391003e-06,3.162431432005991e-06
14,12.559432157547905,0.010000000000000005,0.010164495915951288,-1.639573658429204e-06,5.356376783923255e-07,1.642980731766e-05,1.7538428822014296e-05,1.6564387936261265e-06,1.7682090433774272e-06
15,15.811388300841898,0.010000000000000005,0.010164495915951288,-2.3989894585951058e-06,2.7522828254345986e-07,6.48351803623108e-06,8.095515742947174e-06,6.536626137327953e-07,8.161828116276776e-07
16,19.905358527674867,0.010000000000000005,0.010164495915951288,8.633842452312793e-10,5.615079119856375e-08,2.5237349245398307e-06,2.9301838874146057e-06,2.5444074620056295e-07,2.9541857489434286e-07
17,25.059361681363622,0.010000000000000005,0.010164495915951288,-9.172055506384308e-08,-4.333396997912246e-09,8.906265884785112e-07,8.696352249269794e-07,8.979219313211101e-08,8.767586223147456e-08
18,31.547867224009668,0.010000000000000005,0.010164495915951288,-1.9293869598808865e-08,8.371273942614083e-08,4.0645085687382526e-07,4.3132428676357295e-07,4.097801964510641e-08,4.348573707619468e-08
19,39.716411736214084,0.010000000000000005,0.010164495915951288,3.886487152114634e-08,-5.319050292518592e-10,3.1057546749091397e-07,2.970866196283135e-07,3.131194680217283e-08,2.9952012966739726e-08
20,50.0,0.010000000000000005,0.010164495915951288,1.8980718243911908e-08,4.448261001658349e-09,2.8372792176019337e-07,2.844425427287428e-07,2.8605200739836724e-08,2.8677248200415988e-08
21,62.94627058970838,0.010000000000000005,0.010164495915951288,-3.335940677144465e-08,1.3853114305186201e-08,2.3592237043403745e-07,2.327549419981617e-07,2.3785486896801364e-08,2.3466149534178758e-08
22,79.24465962305571,0.010000000000000005,0.010164495915951288,3.9951715622467676e-08,1.3628765096849241e-09,2.0412461160868786e-07,1.8542441080955988e-07,2.0579664682924164e-08,1.869432680565163e-08
23,99.76311574844404,0.010000000000000005,0.010164495915951288,4.124040037173053e-08,2.132642960179474e-08,1.75668777062729e-07,1.6840420054905267e-07,1.7710772349885778e-08,1.697836410407608e-08
24,125.5943215754791,0.010000000000000005,0.010164495915951288,1.6499182727085193e-08,3.3262099381660727e-09,2.005846973489978e-07,1.823860505344484e-07,2.022277362556172e-08,1.838800198203075e-08
25,158.11388300841895,0.010000000000000005,0.010164495915951288,3.258706008908459e-09,3.8663645976271385e-08,1.1502995711222155e-07,1.3947344515382732e-07,1.1597219596423777e-08,1.4061590666687717e-08
26,199.05358527674866,0.010000000000000005,0.010164495915951288,1.2422095443129446e-08,3.503529177340994e-08,1.1664778765871356e-07,1.2701525787779968e-07,1.1760327856119691e-08,1.2805567129510249e-08
27,250.59361681363626,0.010000000000000005,0.010164495915951288,1.869553599950941e-08,2.2852914674498006e-08,1.1093617537441013e-07,1.0657679544185192e-07,1.1184488104688011e-08,1.0744979235421908e-08
28,315.47867224009684,0.010000000000000005,0.010164495915951288,-1.1347305603419434e-08,1.969548937859069e-08,7.790788868220379e-08,8.933425798902218e-08,7.854605148290197e-09,9.006601700907622e-09
29,397.16411736214104,0.010000000000000005,0.010164495915951288,1.466261692538609e-08,5.428048719643349e-09,7.080455176112057e-08,8.281075928749514e-08,7.138452937081258e-09,8.348908271492648e-09
30,500.0,0.010000000000000005,0.010164495915951288,1.0381005106829045e-08,9.938023280352315e-09,6.814025136582438e-08,8.674363021324665e-08,6.869840503148552e-09,8.745416875993245e-09
31,629.4627058970838,0.010000000000000005,0.010164495915951288,-2.116031006190223e-09,1.5321005772174273e-08,8.275188153614064e-08,7.265834293190383e-08,8.342972268133664e-09,7.325350540394377e-09
32,792.4465962305571,0.010000000000000005,0.010164495915951288,1.051591292147426e-08,9.306749755573628e-09,6.45705281678633e-08,7.587942398534305e-08,6.509944134719807e-09,7.650097112960435e-09
33,997.6311574844403,0.010000000000000005,0.010164495915951288,1.1593757976483308e-08,1.6870727740093133e-08,5.0929469411938876e-08,6.737243399990737e-08,5.134664530243916e-09,6.7924298283466824e-09
34,1255.9432157547913,0.010000000000000005,0.010164495915951288,4.428291748858541e-09,1.4682714044109945e-08,5.714173647922067e-08,5.536205284282792e-08,5.7609798586988535e-09,5.581553712140586e-09
35,1581.1388300841897,0.010000000000000005,0.010164495915951288,1.5293661301727495e-08,6.692281609946125e-09,4.0169117325019586e-08,4.733285088349424e-08,4.049815250807113e-09,4.772056598135878e-09
36,1990.5358527674866,0.010000000000000005,0.010164495915951288,9.595164912934377e-09,1.1976042776042624e-08,4.7067929677999114e-08,4.879280415587151e-08,4.745347474069362e-09,4.919247809237162e-09
37,2505.9361681363625,0.010000000000000005,0.010164495915951288,1.4283595350731989e-08,1.624374392050762e-08,4.275385189408121e-08,4.052523503756025e-08,4.310405927778604e-09,4.085718726894486e-09
38,3154.7867224009683,0.010000000000000005,0.010164495915951288,1.8741594639095123e-08,1.5338704570278703e-08,3.938363642411187e-08,3.685980231124712e-08,3.970623753867437e-09,3.7161730075867696e-09
39,3971.641173621411,0.010000000000000005,0.010164495915951288,2.234937128869919e-08,1.1779492022623223e-08,3.6861845004093296e-08,3.92116023403677e-08,3.7163789500916603e-09,3.9532794281166735e-09
40,5000.0,0.010000000000000005,0.010164495915951288,1.6354215723198793e-08,1.1729975462883246e-08,3.221883751371028e-08,3.665269029288681e-08,3.2482749986898447e-09,3.6952921551698662e-09
41,6294.627058970844,0.010000000000000005,0.010164495915951288,1.5945302783231665e-08,7.910612812864205e-09,3.718255683534938e-08,3.473187140958478e-08,3.748712836216815e-09,3.5016368765464127e-09
42,7924.46596230557,0.010000000000000005,0.010164495915951288,2.1830107525449985e-08,1.6186208641284482e-08,3.3883704336515806e-08,3.0468540008549764e-08,3.416125414595326e-09,3.0718115361622862e-09
43,9976.311574844394,0.010000000000000005,0.010164495915951288,2.3935625787306493e-08,1.0829474262380669e-08,3.362735136089396e-08,3.6173707216527766e-08,3.3902801319653166e-09,3.647001500639871e-09
44,12559.43215754791,0.010000000000000005,0.010164495915951288,1.3767910763855656e-08,1.7568033215920923e-08,3.152896546408277e-08,2.9488974223624595e-08,3.1787227024548744e-09,2.9730525710881923e-09
45,15811.388300841898,0.010000000000000005,0.010164495915951288,2.5442457724080825e-08,1.3009864030677161e-08,3.3795139012382186e-08,3.290543832942556e-08,3.407196336132713e-09,3.3174974919849224e-09
46,19905.358527674885,0.010000000000000005,0.010164495915951288,2.4395241104060742e-08,1.369010495568561e-08,3.0757080702528075e-08,2.9676040899973403e-08,3.100901956384789e-09,2.991912469668123e-09
47,25059.361681363625,0.010000000000000005,0.010164495915951288,1.9014151123244067e-08,1.8655416966129175e-08,2.912295100604279e-08,2.816156880577299e-08,2.9361504306523354e-09,2.8392247186680667e-09
48,31547.867224009715,0.010000000000000005,0.010164495915951288,1.4384243780812067e-08,8.20598266844738e-09,2.8151486879801354e-08,2.69915442956038e-08,2.8382082677157827e-09,2.721263871613308e-09
49,39716.41173621411,0.010000000000000005,0.010164495915951288,1.609502947840131e-08,7.245654557395588e-09,2.9374591052882056e-08,2.5750965550562888e-08,2.961520559927462e-09,2.5961898083511677e-09
50,50000.0,0.010000000000000005,0.010164495915951288,9.340050610817014e-09,4.961373083267907e-09,2.6029940021088238e-08,2.9857091011991253e-08,2.6243157702979516e-09,3.0101657834981865e-09
51,62946.27058970844,0.010000000000000005,0.010164495915951288,1.3634184891915606e-08,7.821041253674259e-09,2.9552421342703516e-08,3.09634422848185e-08,2.9794492541018256e-09,3.1217071504939438e-09
52,79244.6596230557,0.010000000000000005,0.010164495915951288,1.4140891774915028e-08,1.530857618074385e-08,2.8012624216750857e-08,2.081924076546704e-08,2.8242082555661674e-09,2.098977631995364e-09
53,99763.11574844414,0.010000000000000005,0.010164495915951288,1.1589682148834812e-08,1.790207539597063e-08,2.73880971570754e-08,2.516434989193579e-08,2.7612439840251533e-09,2.5370477310820073e-09
54,125594.32157547912,0.010000000000000005,0.010164495915951288,1.8535793259055906e-08,1.4682042247684033e-08,2.4232061389296572e-08,2.6581148331258336e-08,2.4430552202286814e-09,2.6798881096858546e-09
55,158113.88300841895,0.010000000000000005,0.010164495915951288,1.7082503614975875e-08,1.5816826250509464e-08,2.74079378371106e-08,2.882966760027951e-08,2.7632443040208056e-09,2.906581854378717e-09
56,199053.58527674887,0.010000000000000005,0.010164495915951288,1.7966749283732827e-08,8.931896151009358e-09,2.7529068042933463e-08,3.154693230896651e-08,2.7754565453530114e-09,3.1805341040306253e-09
57,250593.61681363627,0.010000000000000005,0.010164495915951288,1.7289447084789884e-08,9.713655276530379e-09,2.6409875123808668e-08,2.510831926871118e-08,2.6626204948171483e-09,2.5313987726891396e-09
58,315478.67224009713,0.010000000000000005,0.010164495915951288,1.1655883353084668e-08,9.93934088147465e-09,2.4796420199572113e-08,2.863709860450834e-08,2.4999533815272786e-09,2.8871672167705124e-09
59,397164.117362141,0.010000000000000005,0.010164495915951288,1.1837198932780378e-08,1.288781973838599e-08,2.49950695674762e-08,2.463861773966934e-08,2.5199810369320958e-09,2.4840438756360184e-09
60,500000.0,0.010000000000000005,0.010164495915951288,1.1115997064566172e-08,7.582905616351907e-09,2.4659837340224638e-08,2.7615690853798564e-08,2.4861832171916106e-09,2.7841897813280715e-09
61,629462.7058970844,0.010000000000000005,0.010164495915951288,1.1828783425621794e-08,1.6039027158444915e-08,2.632346206124742e-08,3.012621420150961e-08,2.6539084054825013e-09,3.0372985479161503e-09
62,792446.5962305571,0.010000000000000005,0.010164495915951288,7.676459997199672e-09,1.9821319889131644e-08,2.832888688052917e-08,2.1171037743192415e-08,2.8560935805203343e-09,2.1344454953803704e-09
63,997631.1574844415,0.010000000000000005,0.010164495915951288,6.048006234659758e-09,1.9460274214967908e-08,2.6478512649108193e-08,2.8421057171875414e-08,2.669540470043055e-09,2.865386108622087e-09
64,1255943.215754791,0.010000000000000005,0.010164495915951288,4.244705922626595e-09,1.7563769171450063e-08,2.7980535738004598e-08,2.780214651616287e-08,2.820973123224316e-09,2.8029880780128725e-09
65,1581138.8300841895,0.010000000000000005,0.010164495915951288,9.393084841621414e-10,2.1485310137607993e-08,2.6927504492436377e-08,3.068414208808278e-08,2.7148074347086173e-09,3.0935483491157214e-09
66,1990535.8527674887,0.010000000000000005,0.010164495915951288,-2.627461844143323e-09,1.924332931778123e-08,2.686328132965266e-08,2.8383404818682615e-08,2.7083325116478965e-09,2.8615900313283e-09
67,2505936.1681363625,0.010000000000000005,0.010164495915951288,-8.535234007611961e-09,2.1514341791373032e-08,2.6378251481846898e-08,2.7820973534259943e-08,2.659432226913062e-09,2.804886201499128e-09
68,3154786.722400971,0.010000000000000005,0.010164495915951288,-1.5287942856089452e-08,1.3247831923840467e-08,2.4035080565743158e-08,2.723188627269855e-08,2.42319578600491e-09,2.7454949393853948e-09
69,3971641.173621411,0.010000000000000005,0.010164495915951288,-2.7924104187928734e-08,5.6652028522408305e-09,2.4572102928532637e-08,2.330015556069791e-08,2.4773379105941076e-09,2.3491012902371897e-09
70,5000000.0,0.010000000000000005,0.010164495915951288,-2.5484471690638216e-08,-9.179465263997722e-09,2.6303862498756935e-08,2.683207148387546e-08,2.6519323947466697e-09,2.7051859623129645e-09
71,6294627.058970843,0.010000000000000005,0.010164495915951288,-2.3815442853747272e-08,-1.3333556832585852e-08,2.5698946662249927e-08,2.4516394076401868e-08,2.5909453095608333e-09,2.471721392881292e-09
72,7924465.962305571,0.010000000000000005,0.010164495915951288,-1.3877369916836905e-08,-2.8108305503435733e-08,2.858036911804568e-08,2.7600077123787463e-08,2.8814477995976626e-09,2.7826156187342234e-09
73,9976311.574844414,0.010000000000000005,0.010164495915951288,-5.130800329287622e-11,-2.0743333508926286e-08,2.4962535328304743e-08,2.8261324875017872e-08,2.516700963414326e-09,2.849282038258131e-09
74,12559432.157547912,0.010000000000000005,0.010164495915951288,-1.1793664894044052e-08,1.1477111987733732e-09,2.673084334128612e-08,2.850679201167318e-08,2.69498022957674e-09,2.8740298201313326e-09
75,15811388.300841898,0.010000000000000005,0.010164495915951288,-4.707779491847028e-08,-9.73547105617057e-10,2.797737741100641e-08,2.546903481058126e-08,2.820654703460675e-09,2.567765797905268e-09
76,19905358.527674887,0.010000000000000005,0.010164495915951288,-6.316917771972498e-08,-1.663402924519573e-08,2.568285049422139e-08,2.7448185367320607e-08,2.5893225079883196e-09,2.7673020247900462e-09
77,25059361.681363624,0.010000000000000005,0.010164495915951288,-6.336948017671994e-08,1.3669256218426468e-08,2.4373682734929415e-08,2.2735592950913926e-08,2.45733336034172e-09,2.292182582050526e-09
78,31547867.22400971,0.010000000000000005,0.010164495915951288,1.1437750816625227e-07,1.3154204485955392e-08,2.179606379899644e-08,2.4445085406777245e-08,2.197460075274322e-09,2.46453211522244e-09
79,39716411.73621411,0.010000000000000005,0.010164495915951288,-3.4423211208848355e-08,3.921268212993493e-08,2.415559812238768e-08,2.5840289703586503e-08,2.4353462605831753e-09,2.605195391278307e-09
80,50000000.0,0.010000000000000005,0.010164495915951288,-2.612112108013203e-09,2.76609758602468e-08,1.9023507898013766e-08,2.3165182586898486e-08,1.9179334160086167e-09,2.3354934331534287e-09
